,spotlist_id,max_day,spotlist_image
0,2020001,4,image/300a1900000161nko5103_D_350_170_Q90.jpg
1,2020002,3,image/0300g120004e6sf00E4F4_D_350_170_Q90.jpg
2,2020003,2,image/300w12000000tbirb90A9_D_350_170_Q90.jpg
3,2020004,4,image/300q10000000pp4dv92AB_D_350_170_Q90.jpg
4,2020005,4,image/300r10000000p1p5y8A18_D_350_170_Q90.jpg
5,2020006,4,image/10010n000000ed6ec051C_D_350_170_Q90.jpg
6,2020007,3,image/300c16000000zi90pB11F_D_350_170_Q90.jpg
7,2020008,3,image/300t10000000p3bt882F1_D_350_170_Q90.jpg
8,2020009,2,image/200k190000015nhbe2FB3_D_350_170_Q90.jpg
9,2020010,6,image/300e10000000p60zm4BC0_D_350_170_Q90.jpg
10,2020011,5,image/030691200082cknb5A137_D_350_170_Q90.jpg
11,2020012,4,image/0301m1200016audpaC2E3_D_350_170_Q90.jpg
12,2020013,5,image/100k0h00000091ylcF5C7_D_350_170_Q90.jpg
13,2020014,5,image/03017120008bwctsq4960_D_350_170_Q90.jpg
14,2020015,2,image/0302v120008byne67D142_D_350_170_Q90.png
15,2020016,4,image/10010x000000lt6dtE45D_D_350_170_Q90.jpg
16,2020017,5,image/100k0m000000e1id6CE4C_D_350_170_Q90.jpg
17,2020018,4,image/0303l12000819kfx530E4_D_350_170_Q90.jpg
18,2020019,2,image/0306c120003kyzsegA827_D_350_170_Q90.jpg
19,2020020,4,image/0301g1200089uejy111A9_D_350_170_Q90.jpg
20,2020021,5,image/300n10000000oxs7eE4C2_D_350_170_Q90.jpg
21,2020022,2,image/200c1800000143j8kD4C4_D_350_170_Q90.jpg
22,2020023,3,image/100m10000000qecbzE3EC_D_350_170_Q90.jpg
23,2020024,4,image/CghzflWw32mATLqxABonjUzT_SU754_D_350_170_Q90.jpg
24,2020025,4,image/0301g1200088an4v80A30_D_350_170_Q90.png
25,2020026,6,image/CggYHFaPLDCAZfVKACiZyybu7Dw641_D_350_170_Q90.jpg
26,2020027,3,image/0300v1200059irzsrB2A5_D_350_170_Q90.jpg
27,2020028,5,image/0301m1200089uegfa2897_D_350_170_Q90.jpg
28,2020029,6,image/100n10000000q42ks13A6_D_350_170_Q90.jpg
29,2020030,3,image/300t10000000oyrroC4D2_D_350_170_Q90.jpg
30,2020031,4,image/300k10000000pi629F4A2_D_350_170_Q90.jpg
31,2020032,2,image/03023120008bdft9u2D89_D_350_170_Q90.png
32,2020033,4,image/300m1b000001b5nk806A8_D_350_170_Q90.jpg
33,2020034,5,image/100w0s000000hvgox88B0_D_350_170_Q90.jpg
34,2020035,2,image/100i0k000000b8bl768D7_D_350_170_Q90.jpg
35,2020036,4,image/300b10000000p5nyy1702_D_350_170_Q90.jpg
36,2020037,4,image/100k10000000pkna67ED4_D_350_170_Q90.jpg
37,2020038,4,image/30040y000000mcivh5E93_D_350_170_Q90.jpg
38,2020039,6,image/0300s120008a0e81g692D_D_350_170_Q90.png
39,2020040,5,image/300k0z000000nisvxD468_D_350_170_Q90.jpg
40,2021001,4,image/0302p120008466i6r8615_D_350_170_Q90.jpg
41,2021002,3,image/100r0x000000le7pd8AA8_D_350_170_Q90.jpg
42,2021003,4,image/10030e00000077tj23C12_D_350_170_Q90.jpg
43,2021004,3,image/10040p000000fx58pE4DB_D_350_170_Q90.jpg
44,2021005,4,image/100d0j000000anvxcB6BB_D_350_170_Q90.jpg
45,2021006,3,image/0300h120008a2y9tfC147_D_350_170_Q90.jpg
46,2021007,2,image/030011200081piiah177C_D_350_170_Q90.jpg
47,2021008,2,image/20080u000000j193c66B0_D_350_170_Q90.jpg
48,2021009,5,image/0300y1200087j15g78E5A_D_350_170_Q90.jpg
49,2021010,3,image/0306912000849a2cf38F0_D_350_170_Q90.jpg
50,2021011,5,image/030691200082y6nqe78A7_D_350_170_Q90.jpg
51,2021012,3,image/100p0j000000aob284255_D_350_170_Q90.jpg
52,2021013,3,image/0305f1200084y78yu333E_D_350_170_Q90.jpg
53,2021014,3,image/03050120005u5gmyf4306_D_350_170_Q90.jpg
54,2021015,3,image/100r0f0000007ks52FD01_D_350_170_Q90.jpg
55,2021016,3,image/03069120008469hqc9163_D_350_170_Q90.jpg
56,2021017,6,image/300f0q000000gl5r3DC41_D_350_170_Q90.jpg
57,2021018,3,image/0300q12000859jepd2F56_D_350_170_Q90.jpg
58,2021019,3,image/0304h1200082yq9ld5B5B_D_350_170_Q90.jpg
59,2021020,3,image/10070f0000007ksnk631C_D_350_170_Q90.jpg
60,2021021,4,image/0304r120008apirgu2621_D_350_170_Q90.jpg
61,2021022,3,image/030381200087fix3836BC_D_350_170_Q90.jpg
62,2021023,5,image/Cghzf1WwzquAaNoTAA-4p8Ofu10531_D_350_170_Q90.jpg
63,2021024,3,image/10080i0000009n2z400E2_D_350_170_Q90.jpg
64,2021025,4,image/100o10000000ow3dqA97D_D_350_170_Q90.jpg
65,2021026,7,image/0304w120008alhpwtA6A6_D_350_170_Q90.png
66,2021027,4,image/0301s120002mlmcdj32B3_D_350_170_Q90.jpg
67,2021028,3,image/0303h120006xob4x17120_D_350_170_Q90.jpg
68,2021029,3,image/0303l1200082vvty42911_D_350_170_Q90.jpg
69,2021030,4,image/10060y000000mcua7595C_D_350_170_Q90.jpg
70,2021031,4,image/030581200087fir294DC6_D_350_170_Q90.jpg
71,2021032,4,image/30030t000000ij00s041E_D_350_170_Q90.jpg
72,2021033,3,image/030451200020lianwB57E_D_350_170_Q90.png
73,2021034,3,image/0302h120008bm8s473CF6_D_350_170_Q90.jpg
74,2021035,4,image/0304h12000816c2r4363C_D_350_170_Q90.jpg
75,2021036,6,image/0301j1200088jotqoBEF5_D_350_170_Q90.png
76,2021037,4,image/030081200087jcuh8BFF7_D_350_170_Q90.png
77,2021038,3,image/03057120005lh2u9q75EC_D_350_170_Q90.jpg
78,2021039,3,image/0305d120008498qko440C_D_350_170_Q90.jpg
79,2021040,4,image/03034120008br8j9l4C88_D_350_170_Q90.jpg
80,2022001,2,image/200n15000000ydrzj4461_D_350_170_Q90.jpg
81,2022002,2,image/1007060000001egngD8A8_D_350_170_Q90.jpg
82,2022003,5,image/200s0l000000ddqrwCAF7_D_350_170_Q90.jpg
83,2022004,3,image/0306e120008765vmnB481_D_350_170_Q90.jpg
84,2022005,3,image/CggYHlXdUAuAXn4lABev8TxRTA8903_D_350_170_Q90.jpg
85,2022006,3,image/300c1c000001da94gA0A2_D_350_170_Q90.png
86,2022007,2,image/100611000000r2hddE033_D_350_170_Q90.jpg
87,2022008,5,image/30041e000001ezza7A0B2_D_350_170_Q90.jpg
88,2022009,5,image/300m1a0000018tu10DB7F_D_350_170_Q90.jpg
89,2022010,4,image/30021h000001hs5ol96C1_D_350_170_Q90.jpg
90,2022011,3,image/30041d000001e9i9wAF91_D_350_170_Q90.jpg
91,2022012,9,image/300l0t000000ipzcc55D3_D_350_170_Q90.jpg
92,2022013,4,image/300i1d000001eakpd21AE_D_350_170_Q90.jpg
93,2022014,5,image/300v1b000001c8fu851E1_D_350_170_Q90.jpg
94,2023001,4,image/100s10000000p73gg789E_D_350_170_Q90.jpg
95,2023002,1,image/0306k120008bteo2c3307_D_350_170_Q90.png
96,2023003,5,image/CggYHlZ4yZeAL1PoAFC0C1x4OVk861_D_350_170_Q90.jpg
97,2023004,5,image/CggYHFYCGZOAAXYwAA_ElMiQHdE565_D_350_170_Q90.jpg
98,2023005,5,image/0220n1200084aa7vn5BA5_D_350_170_Q90.jpg
99,2023006,6,image/CghzfFWw39yAAXmCACYFDJh_em8005_D_350_170_Q90.jpg
100,2023007,5,image/CghzflWwumuAO6DdABEX8Bn38Gg307_D_350_170_Q90.jpg
101,2023008,5,image/200i13000000trrqf7A28_D_350_170_Q90.jpg
102,2023009,5,image/100512000000sg1145AB6_D_350_170_Q90.jpg
103,2023010,6,image/100w0e00000073wpfB54F_D_350_170_Q90.jpg
104,2023011,3,image/100r060000001yhqw2450_D_350_170_Q90.jpg
105,2023012,5,image/200u0t000000ihdks3739_D_350_170_Q90.jpg
106,2023013,5,image/CggYGlXlcuKAW3fcAGE3zo5fw-E954_D_350_170_Q90.jpg
107,2023014,5,image/CggYs1bT-0GAWj0QACFQospM7SY405_D_350_170_Q90.jpg
108,2023015,3,image/300a1c000001dpb1s47CA_D_350_170_Q90.jpg
109,2023016,5,image/100712000000sbpms40F6_D_350_170_Q90.jpg
110,2023017,5,image/3004190000017b1582468_D_350_170_Q90.jpg
111,2023018,5,image/030691200082qc3cs9E26_D_350_170_Q90.jpg
112,2023019,5,image/30041e000001eyp6nEEFE_D_350_170_Q90.jpg
113,2023020,4,image/CggYr1cdtBOAeAiUAC1X574cC2Q523_D_350_170_Q90.jpg
114,2023021,4,image/8ed7546ab99a4e55a11a90e045cdeb6b_D_350_170_Q90.jpg
115,2023022,4,image/30091a0000018vld87BFF_D_350_170_Q90.jpg
116,2023023,5,image/Cghzf1WNFfqAXlMTAAJQzmHRt6E893_D_350_170_Q90.jpg
117,2023024,4,image/300t0p000000g011y0062_D_350_170_Q90.jpg
118,2023025,4,image/CggYGlXNTdGAJ7ikAAguVrjUA4w388_D_350_170_Q90.jpg
119,2023026,4,image/30051b000001bn7s28401_D_350_170_Q90.jpg
120,2023027,4,image/300r1b000001bj4xg0B73_D_350_170_Q90.jpg
121,2023028,5,image/200p10000000oh1f11F69_D_350_170_Q90.jpg
122,2023029,5,image/6186f546e6a34cac86b129074bfd0d04_D_350_170_Q90.jpg
123,2023030,4,image/100g13000000tfcj58B42_D_350_170_Q90.jpg
124,2023031,6,image/100811000000qrlfxA3E0_D_350_170_Q90.jpg
125,2023032,4,image/CghzflWNFeuALNfjAAHWge8jRoM067_D_350_170_Q90.jpg
126,2023033,4,image/300412000000t0gip0728_D_350_170_Q90.jpg
127,2023034,3,image/100i0y000000lv8ehBC54_D_350_170_Q90.jpg
128,2023035,5,image/100l10000000pb1f3F2BC_D_350_170_Q90.jpg
129,2023036,5,image/100i0f0000007914fD7AE_D_350_170_Q90.jpg
130,2023037,4,image/200j060000001xn1vCE27_D_350_170_Q90.jpg
131,2023038,4,image/220s1800000155otc904C_D_350_170_Q90.jpg
132,2023039,4,image/200e14000000x49mzB7B3_D_350_170_Q90.jpg
133,2023040,3,image/10030a0000004yrgi6D39_D_350_170_Q90.jpg
134,2022015,3,image/300n15000000xoj3yE1CD_D_350_170_Q90.jpg
135,2022016,5,image/300m1c000001cwbmgDF05_D_350_170_Q90.png
136,2022017,2,image/0204l120003uigdjsE492_D_350_170_Q90.jpg
137,2022018,7,image/300h1c000001cs90n59E0_D_350_170_Q90.jpg
138,2022019,5,image/100e0z000000nh3ug5CB8_D_350_170_Q90.jpg
139,2022020,3,image/CggYHlaUpciAeKg5AByGy2095iU315_D_350_170_Q90.jpg
140,2022021,4,image/100e0p000000fj7gmC044_D_350_170_Q90.jpg
141,2022022,4,image/CggYGlbOvFGATfIdAB3bDBSI0K0595_D_350_170_Q90.jpg
142,2022023,3,image/300h1c000001dc02y7CDB_D_350_170_Q90.jpg
143,2022024,5,image/30071a000001a4icr1F49_D_350_170_Q90.jpg
144,2022025,3,image/CggYslbFXLyAOdUMADD-GSNiV9U410_D_350_170_Q90.jpg
145,2022026,4,image/0301g1200087fthmiF83A_D_350_170_Q90.png
146,2022027,9,image/30091c000001ct3wpA62F_D_350_170_Q90.png
147,2022028,3,image/100u0h0000008osg7E587_D_350_170_Q90.jpg
148,2022029,8,image/CggYGVXdVkmAFFKtABJpQebr2ac883_D_350_170_Q90.jpg
149,2022030,3,image/300e0b0000005yqbt1B24_D_350_170_Q90.jpg
150,2022031,3,image/20080q000000g0yetF854_D_350_170_Q90.jpg
151,2022032,7,image/0301r1200002dudmjDCFA_D_350_170_Q90.jpg
152,2022033,6,image/200u19000001645px6A28_D_350_170_Q90.jpg
153,2022034,4,image/30010k000000c3dt55826_D_350_170_Q90.png
154,2022035,2,image/3009170000011ifp1D99A_D_350_170_Q90.jpg
155,2022036,3,image/30090b0000005msrt06C6_D_350_170_Q90.jpg
156,2022037,3,image/200v0o000000ew59b1C35_D_350_170_Q90.jpg
157,2022038,3,image/CggYr1bFXVSAHY0UAC9KsrvFX5M601_D_350_170_Q90.jpg
158,2022039,5,image/CggYHVaUpPeAbWLfABUJKj5PTUo642_D_350_170_Q90.jpg
