,spotlist_id,spotmodel_id,model_day
0,2021001,2021000,2.0
1,2021001,2021001,2.0
2,2021001,2021002,2.0
3,2021001,2021003,2.0
4,2021001,2021004,2.0
5,2021001,2021005,2.0
6,2021001,2021006,2.0
7,2021001,2021007,3.0
8,2021001,2021008,3.0
9,2021001,2021009,3.0
10,2021001,2021010,3.0
11,2021001,2021011,3.0
12,2021002,2021024,1.0
13,2021002,2021011,1.0
14,2021002,2021010,2.0
15,2021002,2021013,2.0
16,2021002,2021006,2.0
17,2021002,2021008,2.0
18,2021002,2021029,2.0
19,2021002,2021009,2.0
20,2021002,2021019,2.0
21,2021002,2021020,3.0
22,2021002,2021021,3.0
23,2021002,2021030,3.0
24,2021002,2021022,4.0
25,2021002,2021031,4.0
26,2021003,2021024,1.0
27,2021003,2021011,1.0
28,2021003,2021010,2.0
29,2021003,2021013,2.0
30,2021003,2021006,2.0
31,2021003,2021008,2.0
32,2021003,2021029,2.0
33,2021003,2021009,2.0
34,2021003,2021022,3.0
35,2021003,2021031,3.0
36,2021004,2021012,1.0
37,2021004,2021006,1.0
38,2021004,2021026,1.0
39,2021004,2021032,1.0
40,2021004,2021008,2.0
41,2021004,2021004,2.0
42,2021004,2021028,2.0
43,2021004,2021033,2.0
44,2021004,2021024,2.0
45,2021004,2021019,2.0
46,2021004,2021023,2.0
47,2021004,2021010,2.0
48,2021004,2021015,3.0
49,2021005,2021010,1.0
50,2021005,2021012,1.0
51,2021005,2021006,1.0
52,2021005,2021026,1.0
53,2021005,2021027,1.0
54,2021005,2021008,2.0
55,2021005,2021004,2.0
56,2021005,2021028,2.0
57,2021005,2021029,2.0
58,2021005,2021024,2.0
59,2021005,2021034,2.0
60,2021006,2021010,1.0
61,2021006,2021029,1.0
62,2021006,2021035,1.0
63,2021006,2021012,1.0
64,2021006,2021006,1.0
65,2021006,2021026,1.0
66,2021006,2021027,1.0
67,2021006,2021008,2.0
68,2021006,2021004,2.0
69,2021006,2021028,2.0
70,2021006,2021029,2.0
71,2021006,2021024,2.0
72,2021006,2021034,2.0
73,2021007,2021012,1.0
74,2021007,2021036,1.0
75,2021007,2021006,1.0
76,2021007,2021026,1.0
77,2021007,2021037,1.0
78,2021007,2021038,2.0
79,2021007,2021039,3.0
80,2021008,2021008,1.0
81,2021008,2021001,1.0
82,2021008,2021012,1.0
83,2021008,2021040,1.0
84,2021008,2021017,2.0
85,2021008,2021041,2.0
86,2021008,2021015,2.0
87,2021008,2021009,2.0
88,2021008,2021028,3.0
89,2021008,2021042,3.0
90,2021009,2021012,1.0
91,2021009,2021006,1.0
92,2021009,2021026,1.0
93,2021009,2021037,1.0
94,2021009,2021028,2.0
95,2021009,2021004,2.0
96,2021009,2021043,2.0
97,2021009,2021024,2.0
98,2021009,2021019,2.0
99,2021009,2021023,2.0
100,2021009,2021038,3.0
101,2021009,2021015,4.0
102,2021009,2021039,4.0
103,2021010,2021015,2.0
104,2021010,2021018,2.0
105,2021010,2021004,2.0
106,2021010,2021008,2.0
107,2021010,2021012,2.0
108,2021010,2021006,2.0
109,2021010,2021011,2.0
110,2021010,2021007,3.0
111,2021010,2021014,3.0
112,2021010,2021009,3.0
113,2021010,2021001,3.0
114,2021011,2021016,2.0
115,2021011,2021017,2.0
116,2021011,2021015,2.0
117,2021011,2021008,2.0
118,2021011,2021041,2.0
119,2021011,2021006,2.0
120,2021011,2021012,2.0
121,2021011,2021001,3.0
122,2021011,2021002,3.0
123,2021011,2021044,3.0
124,2021012,2021004,2.0
125,2021012,2021045,2.0
126,2021012,2021014,2.0
127,2021012,2021009,2.0
128,2021012,2021029,2.0
129,2021012,2021001,2.0
130,2021012,2021012,2.0
131,2021012,2021006,2.0
132,2021012,2021046,2.0
133,2021012,2021015,3.0
134,2021012,2021008,3.0
135,2021012,2021007,3.0
136,2021012,2021010,3.0
137,2021012,2021011,3.0
138,2021013,2021010,1.0
139,2021013,2021047,1.0
140,2021013,2021011,1.0
141,2021013,2021048,1.0
142,2021013,2021046,1.0
143,2021013,2021013,1.0
144,2021013,2021006,1.0
145,2021013,2021049,2.0
146,2021013,2021050,2.0
147,2021013,2021029,2.0
148,2021013,2021001,2.0
149,2021013,2021002,2.0
150,2021013,2021003,2.0
151,2021013,2021015,2.0
152,2021013,2021028,2.0
153,2021013,2021051,2.0
154,2021013,2021009,2.0
155,2021013,2021010,2.0
156,2021013,2021038,3.0
157,2021013,2021052,3.0
158,2021013,2021053,3.0
159,2021013,2021020,3.0
160,2021013,2021054,3.0
161,2021013,2021030,3.0
162,2021014,2021017,2.0
163,2021014,2021015,2.0
164,2021014,2021008,2.0
165,2021014,2021001,2.0
166,2021014,2021002,2.0
167,2021014,2021003,2.0
168,2021014,2021041,2.0
169,2021014,2021055,2.0
170,2021014,2021009,2.0
171,2021014,2021020,3.0
172,2021014,2021021,3.0
173,2021015,2021012,1.0
174,2021015,2021036,1.0
175,2021015,2021006,1.0
176,2021015,2021026,1.0
177,2021015,2021037,1.0
178,2021015,2021028,2.0
179,2021015,2021004,2.0
180,2021015,2021043,2.0
181,2021015,2021024,2.0
182,2021015,2021019,2.0
183,2021015,2021023,2.0
184,2021015,2021010,2.0
185,2021015,2021077,3.0
186,2021015,2021017,3.0
187,2021015,2021016,3.0
188,2021015,2021014,3.0
189,2021015,2021038,4.0
190,2021015,2021078,5.0
191,2021015,2021020,5.0
192,2021015,2021079,5.0
193,2021015,2021054,5.0
194,2021015,2021021,5.0
195,2021015,2021039,6.0
196,2021016,2021073,2.0
197,2021016,2021004,2.0
198,2021016,2021045,2.0
199,2021016,2021012,2.0
200,2021016,2021006,2.0
201,2021016,2021009,3.0
202,2021016,2021008,3.0
203,2021016,2021074,3.0
204,2021016,2021075,4.0
205,2021016,2021076,4.0
206,2021016,2021080,4.0
207,2021016,2021081,4.0
208,2021016,2021082,4.0
209,2021016,2021083,5.0
210,2021016,2021084,5.0
211,2021017,2021006,1.0
212,2021017,2021012,2.0
213,2021017,2021005,2.0
214,2021017,2021010,2.0
215,2021017,2021006,2.0
216,2021017,2021013,2.0
217,2021017,2021008,3.0
218,2021017,2021014,3.0
219,2021017,2021015,3.0
220,2021017,2021016,3.0
221,2021017,2021017,3.0
222,2021017,2021018,3.0
223,2021017,2021004,3.0
224,2021017,2021019,3.0
225,2021017,2021020,4.0
226,2021017,2021021,4.0
227,2021017,2021022,5.0
228,2021017,2021023,5.0
229,2021017,2021024,5.0
230,2021017,2021025,5.0
231,2021018,2021006,1.0
232,2021018,2021011,1.0
233,2021018,2021085,1.0
234,2021018,2021012,2.0
235,2021018,2021005,2.0
236,2021018,2021010,2.0
237,2021018,2021006,2.0
238,2021018,2021013,2.0
239,2021018,2021008,3.0
240,2021018,2021014,3.0
241,2021018,2021015,3.0
242,2021018,2021016,3.0
243,2021018,2021017,3.0
244,2021018,2021018,3.0
245,2021019,2021013,1.0
246,2021019,2021026,1.0
247,2021019,2021012,1.0
248,2021019,2021056,1.0
249,2021019,2021057,1.0
250,2021019,2021058,1.0
251,2021019,2021046,1.0
252,2021019,2021007,2.0
253,2021019,2021008,2.0
254,2021019,2021015,2.0
255,2021019,2021009,2.0
256,2021019,2021059,2.0
257,2021019,2021006,2.0
258,2021019,2021060,3.0
259,2021019,2021050,3.0
260,2021019,2021010,3.0
261,2021019,2021061,3.0
262,2021019,2021004,3.0
263,2021019,2021001,3.0
264,2021019,2021039,3.0
265,2021019,2021062,3.0
266,2021019,2021063,3.0
267,2021019,2021064,3.0
268,2021019,2021065,3.0
269,2021019,2021066,3.0
270,2021019,2021067,3.0
271,2021019,2021068,3.0
272,2021019,2021069,3.0
273,2021019,2021070,4.0
274,2021019,2021071,4.0
275,2021019,2021072,4.0
276,2021020,2021047,1.0
277,2021020,2021011,1.0
278,2021020,2021048,1.0
279,2021020,2021046,1.0
280,2021020,2021013,1.0
281,2021020,2021006,1.0
282,2021020,2021049,2.0
283,2021020,2021050,2.0
284,2021020,2021001,2.0
285,2021020,2021002,2.0
286,2021020,2021003,2.0
287,2021020,2021015,2.0
288,2021020,2021028,2.0
289,2021020,2021045,2.0
290,2021020,2021051,2.0
291,2021020,2021008,2.0
292,2021020,2021086,2.0
293,2021020,2021009,2.0
294,2021020,2021010,2.0
295,2021020,2021038,3.0
296,2021020,2021052,3.0
297,2021020,2021020,3.0
298,2021020,2021054,3.0
299,2021020,2021030,3.0
300,2021021,2021017,2.0
301,2021021,2021015,2.0
302,2021021,2021086,2.0
303,2021021,2021008,2.0
304,2021021,2021001,2.0
305,2021021,2021002,2.0
306,2021021,2021003,2.0
307,2021021,2021041,2.0
308,2021021,2021055,2.0
309,2021021,2021009,2.0
310,2021021,2021006,2.0
311,2021021,2021087,3.0
312,2021021,2021088,3.0
313,2021021,2021089,3.0
314,2021021,2021020,4.0
315,2021021,2021090,4.0
316,2021021,2021091,4.0
317,2021022,2021008,2.0
318,2021022,2021016,2.0
319,2021022,2021092,2.0
320,2021022,2021017,2.0
321,2021022,2021015,2.0
322,2021022,2021001,2.0
323,2021022,2021011,2.0
324,2021022,2021006,2.0
325,2021022,2021010,3.0
326,2021022,2021029,3.0
327,2021022,2021093,3.0
328,2021022,2021094,3.0
329,2021022,2021037,3.0
330,2021022,2021041,4.0
331,2021022,2021055,4.0
332,2021023,2021073,2.0
333,2021023,2021004,2.0
334,2021023,2021045,2.0
335,2021023,2021012,2.0
336,2021023,2021006,2.0
337,2021023,2021008,3.0
338,2021023,2021076,3.0
339,2021023,2021082,3.0
340,2021023,2021080,3.0
341,2021023,2021074,3.0
342,2021023,2021095,4.0
343,2021023,2021096,5.0
344,2021023,2021097,6.0
345,2021023,2021075,7.0
346,2021024,2021004,2.0
347,2021024,2021028,2.0
348,2021024,2021045,2.0
349,2021024,2021014,2.0
350,2021024,2021009,2.0
351,2021024,2021029,2.0
352,2021024,2021012,2.0
353,2021024,2021006,2.0
354,2021024,2021046,2.0
355,2021024,2021015,3.0
356,2021024,2021008,3.0
357,2021024,2021007,3.0
358,2021024,2021011,3.0
359,2021025,2021004,2.0
360,2021025,2021045,2.0
361,2021025,2021014,2.0
362,2021025,2021009,2.0
363,2021025,2021029,2.0
364,2021025,2021012,2.0
365,2021025,2021006,2.0
366,2021025,2021046,2.0
367,2021025,2021015,3.0
368,2021025,2021008,3.0
369,2021025,2021007,3.0
370,2021026,2021098,3.0
371,2021026,2021015,4.0
372,2021026,2021008,4.0
373,2021026,2021099,4.0
374,2021027,2021007,2.0
375,2021027,2021010,2.0
376,2021027,2021006,2.0
377,2021027,2021012,2.0
378,2021027,2021036,2.0
379,2021027,2021044,3.0
380,2021027,2021015,3.0
381,2021027,2021008,3.0
382,2021027,2021009,3.0
383,2021028,2021006,1.0
384,2021028,2021100,1.0
385,2021028,2021012,2.0
386,2021028,2021005,2.0
387,2021028,2021010,2.0
388,2021028,2021006,2.0
389,2021028,2021013,2.0
390,2021028,2021046,2.0
391,2021028,2021008,3.0
392,2021028,2021014,3.0
393,2021028,2021015,3.0
394,2021028,2021016,3.0
395,2021028,2021017,3.0
396,2021028,2021018,3.0
397,2021028,2021004,3.0
398,2021028,2021011,3.0
399,2021028,2021085,3.0
400,2021028,2021022,4.0
401,2021028,2021023,4.0
402,2021028,2021024,4.0
403,2021028,2021025,4.0
404,2021029,2021012,1.0
405,2021029,2021036,1.0
406,2021029,2021006,1.0
407,2021029,2021026,1.0
408,2021029,2021037,1.0
409,2021029,2021101,1.0
410,2021029,2021032,1.0
411,2021029,2021028,2.0
412,2021029,2021004,2.0
413,2021029,2021043,2.0
414,2021029,2021024,2.0
415,2021029,2021019,2.0
416,2021029,2021023,2.0
417,2021029,2021038,3.0
418,2021029,2021078,4.0
419,2021029,2021015,5.0
420,2021029,2021039,5.0
421,2021030,2021102,2.0
422,2021030,2021103,2.0
423,2021030,2021104,2.0
424,2021030,2021105,2.0
425,2021030,2021106,3.0
426,2021030,2021107,3.0
427,2021030,2021108,3.0
428,2021030,2021109,3.0
429,2021030,2021110,3.0
430,2021030,2021111,3.0
431,2021030,2021112,4.0
432,2021030,2021113,4.0
433,2021030,2021114,4.0
434,2021030,2021115,4.0
435,2021030,2021116,4.0
436,2021030,2021117,4.0
437,2021031,2021017,2.0
438,2021031,2021015,2.0
439,2021031,2021008,2.0
440,2021031,2021001,2.0
441,2021031,2021003,2.0
442,2021031,2021041,2.0
443,2021031,2021055,2.0
444,2021031,2021009,2.0
445,2021031,2021020,3.0
446,2021031,2021021,3.0
447,2021032,2021017,2.0
448,2021032,2021015,2.0
449,2021032,2021008,2.0
450,2021032,2021001,2.0
451,2021032,2021003,2.0
452,2021032,2021011,2.0
453,2021032,2021006,2.0
454,2021032,2021010,3.0
455,2021032,2021093,3.0
456,2021032,2021012,3.0
457,2021032,2021027,3.0
458,2021032,2021036,3.0
459,2021033,2021102,1.0
460,2021033,2021118,2.0
461,2021033,2021103,2.0
462,2021033,2021104,2.0
463,2021033,2021106,3.0
464,2021033,2021119,3.0
465,2021033,2021120,3.0
466,2021033,2021109,3.0
467,2021033,2021110,3.0
468,2021033,2021111,3.0
469,2021033,2021121,3.0
470,2021033,2021112,4.0
471,2021033,2021114,4.0
472,2021033,2021113,4.0
473,2021033,2021115,4.0
474,2021033,2021116,4.0
475,2021034,2021015,2.0
476,2021034,2021017,2.0
477,2021034,2021016,2.0
478,2021034,2021004,2.0
479,2021034,2021008,2.0
480,2021034,2021006,2.0
481,2021034,2021037,2.0
482,2021034,2021023,2.0
483,2021034,2021046,2.0
484,2021034,2021024,2.0
485,2021034,2021007,3.0
486,2021034,2021014,3.0
487,2021034,2021009,3.0
488,2021034,2021010,3.0
489,2021034,2021011,3.0
490,2021035,2021037,1.0
491,2021035,2021017,2.0
492,2021035,2021016,2.0
493,2021035,2021015,2.0
494,2021035,2021086,2.0
495,2021035,2021008,2.0
496,2021035,2021041,2.0
497,2021035,2021055,2.0
498,2021035,2021004,2.0
499,2021035,2021028,2.0
500,2021035,2021014,2.0
501,2021035,2021009,2.0
502,2021035,2021044,2.0
503,2021035,2021006,2.0
504,2021035,2021059,2.0
505,2021035,2021006,2.0
506,2021035,2021059,2.0
507,2021035,2021012,2.0
508,2021035,2021122,2.0
509,2021035,2021013,2.0
510,2021035,2021046,2.0
511,2021035,2021011,2.0
512,2021035,2021123,3.0
513,2021035,2021093,3.0
514,2021035,2021124,3.0
515,2021035,2021098,4.0
516,2021036,2021006,1.0
517,2021036,2021012,2.0
518,2021036,2021005,2.0
519,2021036,2021010,2.0
520,2021036,2021006,2.0
521,2021036,2021013,2.0
522,2021036,2021008,3.0
523,2021036,2021014,3.0
524,2021036,2021015,3.0
525,2021036,2021016,3.0
526,2021036,2021017,3.0
527,2021036,2021018,3.0
528,2021036,2021004,3.0
529,2021036,2021022,4.0
530,2021036,2021023,4.0
531,2021036,2021024,4.0
532,2021036,2021025,4.0
533,2021037,2021017,2.0
534,2021037,2021016,2.0
535,2021037,2021015,2.0
536,2021037,2021055,2.0
537,2021037,2021008,2.0
538,2021037,2021094,2.0
539,2021037,2021026,2.0
540,2021037,2021006,2.0
541,2021037,2021015,2.0
542,2021037,2021008,2.0
543,2021037,2021094,2.0
544,2021037,2021026,2.0
545,2021037,2021006,2.0
546,2021037,2021046,2.0
547,2021037,2021007,3.0
548,2021037,2021009,3.0
549,2021037,2021001,3.0
550,2021037,2021010,3.0
551,2021037,2021011,3.0
552,2021038,2021012,1.0
553,2021038,2021006,1.0
554,2021038,2021026,1.0
555,2021038,2021037,1.0
556,2021038,2021032,1.0
557,2021038,2021004,2.0
558,2021038,2021028,2.0
559,2021038,2021043,2.0
560,2021038,2021010,2.0
561,2021038,2021024,2.0
562,2021038,2021019,2.0
563,2021038,2021023,2.0
564,2021038,2021015,3.0
565,2021039,2021012,1.0
566,2021039,2021036,1.0
567,2021039,2021006,1.0
568,2021039,2021027,1.0
569,2021039,2021008,2.0
570,2021039,2021004,2.0
571,2021039,2021028,2.0
572,2021039,2021010,2.0
573,2021039,2021033,2.0
574,2021039,2021024,2.0
575,2021039,2021019,2.0
576,2021039,2021023,2.0
577,2021039,2021010,2.0
578,2021039,2021017,3.0
579,2021039,2021016,3.0
580,2021039,2021015,3.0
581,2021039,2021001,3.0
582,2021039,2021007,3.0
583,2021039,2021041,3.0
584,2021039,2021055,3.0
585,2021039,2021039,4.0
586,2021040,2021012,1.0
587,2021040,2021004,2.0
588,2021040,2021045,2.0
589,2021040,2021012,2.0
590,2021040,2021006,2.0
591,2021040,2021008,3.0
592,2021040,2021074,3.0
593,2021040,2021075,4.0
594,2021040,2021076,4.0
595,2021040,2021080,4.0
596,2021040,2021082,4.0
597,2021040,2021095,5.0
598,2021040,2021125,5.0
599,2021040,2021125,6.0
600,2021040,2021126,6.0
601,2021040,2021127,7.0
602,2022001,2022000,2.0
603,2022001,2022001,2.0
604,2022001,2022002,2.0
605,2022001,2022003,3.0
606,2022001,2022004,3.0
607,2022001,2022005,3.0
608,2022001,2022006,4.0
609,2022001,2022007,4.0
610,2022001,2022008,4.0
611,2022001,2022009,5.0
612,2022002,2022010,2.0
613,2022002,2022011,2.0
614,2022002,2022012,2.0
615,2022002,2022006,2.0
616,2022002,2022004,2.0
617,2022002,2022005,2.0
618,2022002,2022013,3.0
619,2022003,2022009,2.0
620,2022003,2022008,2.0
621,2022003,2022014,3.0
622,2022003,2022015,3.0
623,2022003,2022016,4.0
624,2022003,2022012,4.0
625,2022003,2022001,4.0
626,2022003,2022004,4.0
627,2022003,2022017,4.0
628,2022003,2022018,5.0
629,2022003,2022019,5.0
630,2022003,2022011,5.0
631,2022003,2022010,5.0
632,2022004,2022014,2.0
633,2022004,2022008,2.0
634,2022004,2022009,3.0
635,2022004,2022006,4.0
636,2022004,2022020,4.0
637,2022004,2022010,4.0
638,2022004,2022012,4.0
639,2022004,2022004,5.0
640,2022004,2022005,5.0
641,2022004,2022001,5.0
642,2022004,2022021,5.0
643,2022004,2022022,5.0
644,2022005,2022023,2.0
645,2022005,2022018,2.0
646,2022005,2022004,2.0
647,2022005,2022005,2.0
648,2022005,2022024,2.0
649,2022005,2022001,2.0
650,2022005,2022025,2.0
651,2022005,2022012,3.0
652,2022005,2022010,3.0
653,2022005,2022011,3.0
654,2022005,2022006,3.0
655,2022005,2022002,3.0
656,2022005,2022026,4.0
657,2022005,2022027,4.0
658,2022006,2022009,2.0
659,2022006,2022014,3.0
660,2022006,2022015,4.0
661,2022006,2022028,5.0
662,2022006,2022001,5.0
663,2022006,2022004,5.0
664,2022006,2022017,5.0
665,2022007,2022011,1.0
666,2022007,2022006,1.0
667,2022007,2022025,1.0
668,2022007,2022029,1.0
669,2022007,2022007,1.0
670,2022007,2022009,2.0
671,2022007,2022014,2.0
672,2022007,2022017,2.0
673,2022007,2022016,3.0
674,2022007,2022030,3.0
675,2022008,2022016,1.0
676,2022008,2022019,1.0
677,2022008,2022001,1.0
678,2022008,2022004,1.0
679,2022008,2022006,2.0
680,2022008,2022020,2.0
681,2022008,2022010,2.0
682,2022008,2022002,2.0
683,2022008,2022031,3.0
684,2022009,2022032,2.0
685,2022009,2022033,2.0
686,2022009,2022034,2.0
687,2022009,2022035,3.0
688,2022009,2022036,3.0
689,2022009,2022037,3.0
690,2022009,2022006,4.0
691,2022009,2022019,4.0
692,2022009,2022001,4.0
693,2022009,2022010,4.0
694,2022009,2022004,4.0
695,2022009,2022005,4.0
696,2022009,2022009,5.0
697,2022009,2022008,5.0
698,2022009,2022014,6.0
699,2022009,2022015,7.0
700,2022009,2022038,8.0
701,2022009,2022039,8.0
702,2022009,2022040,9.0
703,2022009,2022041,9.0
704,2022009,2022042,9.0
705,2022009,2022043,9.0
706,2022010,2022010,2.0
707,2022010,2022011,2.0
708,2022010,2022006,2.0
709,2022010,2022012,2.0
710,2022010,2022003,3.0
711,2022010,2022044,3.0
712,2022010,2022004,3.0
713,2022010,2022005,3.0
714,2022010,2022013,4.0
715,2022010,2022015,5.0
716,2022010,2022009,6.0
717,2022010,2022008,6.0
718,2022010,2022014,7.0
719,2022011,2022016,1.0
720,2022011,2022051,1.0
721,2022011,2022019,1.0
722,2022011,2022052,1.0
723,2022011,2022004,2.0
724,2022011,2022001,2.0
725,2022011,2022021,2.0
726,2022011,2022053,2.0
727,2022012,2022008,1.0
728,2022012,2022014,1.0
729,2022012,2022009,2.0
730,2022013,2022016,1.0
731,2022013,2022051,1.0
732,2022013,2022019,1.0
733,2022013,2022052,1.0
734,2022013,2022009,2.0
735,2022013,2022054,2.0
736,2022013,2022055,2.0
737,2022013,2022008,2.0
738,2022013,2022004,3.0
739,2022013,2022001,3.0
740,2022013,2022021,3.0
741,2022013,2022053,3.0
742,2022013,2022031,5.0
743,2022014,2022016,1.0
744,2022014,2022019,1.0
745,2022014,2022004,2.0
746,2022014,2022001,2.0
747,2022014,2022021,2.0
748,2022014,2022006,3.0
749,2022014,2022020,3.0
750,2022014,2022010,3.0
751,2022014,2022012,3.0
752,2022015,2022016,1.0
753,2022015,2022019,1.0
754,2022015,2022022,1.0
755,2022015,2022004,2.0
756,2022015,2022056,2.0
757,2022015,2022001,2.0
758,2022015,2022057,2.0
759,2022015,2022006,3.0
760,2022015,2022020,3.0
761,2022015,2022010,3.0
762,2022015,2022012,3.0
763,2022016,2022016,1.0
764,2022016,2022019,1.0
765,2022016,2022009,2.0
766,2022016,2022008,2.0
767,2022016,2022004,3.0
768,2022016,2022001,3.0
769,2022016,2022021,3.0
770,2022016,2022006,4.0
771,2022016,2022020,4.0
772,2022016,2022010,4.0
773,2022016,2022012,4.0
774,2022017,2022004,1.0
775,2022017,2022010,1.0
776,2022017,2022011,1.0
777,2022017,2022012,1.0
778,2022017,2022014,2.0
779,2022017,2022046,2.0
780,2022017,2022008,2.0
781,2022017,2022009,3.0
782,2022018,2022016,1.0
783,2022018,2022019,1.0
784,2022018,2022006,2.0
785,2022018,2022011,2.0
786,2022018,2022010,2.0
787,2022018,2022012,2.0
788,2022019,2022045,1.0
789,2022019,2022010,1.0
790,2022019,2022011,1.0
791,2022019,2022012,1.0
792,2022019,2022014,2.0
793,2022019,2022046,2.0
794,2022019,2022008,2.0
795,2022019,2022009,3.0
796,2022019,2022010,4.0
797,2022019,2022011,4.0
798,2022019,2022012,4.0
799,2022019,2022047,4.0
800,2022019,2022048,4.0
801,2022019,2022016,4.0
802,2022019,2022049,4.0
803,2022019,2022050,4.0
804,2022019,2022001,4.0
805,2022020,2022014,2.0
806,2022020,2022009,3.0
807,2022020,2022001,4.0
808,2022020,2022012,4.0
809,2022020,2022004,4.0
810,2022020,2022017,4.0
811,2022020,2022011,5.0
812,2022020,2022010,5.0
813,2022020,2022013,5.0
814,2022021,2022016,1.0
815,2022021,2022019,1.0
816,2022021,2022006,2.0
817,2022021,2022020,2.0
818,2022021,2022010,2.0
819,2022021,2022012,2.0
820,2022022,2022014,2.0
821,2022022,2022083,3.0
822,2022023,2022016,1.0
823,2022023,2022019,1.0
824,2022023,2022084,1.0
825,2022023,2022024,1.0
826,2022023,2022085,1.0
827,2022023,2022009,2.0
828,2022023,2022086,2.0
829,2022023,2022087,2.0
830,2022023,2022008,2.0
831,2022023,2022014,3.0
832,2022023,2022088,3.0
833,2022023,2022004,4.0
834,2022023,2022001,4.0
835,2022023,2022021,4.0
836,2022023,2022089,4.0
837,2022023,2022090,4.0
838,2022023,2022091,4.0
839,2022023,2022092,4.0
840,2022023,2022093,4.0
841,2022023,2022094,4.0
842,2022023,2022095,4.0
843,2022023,2022096,4.0
844,2022023,2022097,4.0
845,2022023,2022098,4.0
846,2022023,2022099,4.0
847,2022023,2022100,4.0
848,2022023,2022006,5.0
849,2022023,2022101,5.0
850,2022023,2022020,5.0
851,2022023,2022010,5.0
852,2022023,2022012,5.0
853,2022023,2022031,6.0
854,2022023,2022080,6.0
855,2022023,2022047,6.0
856,2022023,2022102,6.0
857,2022023,2022103,6.0
858,2022023,2022104,7.0
859,2022023,2022105,7.0
860,2022023,2022106,8.0
861,2022024,2022023,2.0
862,2022024,2022120,2.0
863,2022024,2022006,2.0
864,2022024,2022007,2.0
865,2022024,2022048,2.0
866,2022024,2022011,2.0
867,2022024,2022012,3.0
868,2022024,2022004,3.0
869,2022024,2022005,3.0
870,2022024,2022009,4.0
871,2022024,2022008,4.0
872,2022024,2022014,5.0
873,2022025,2022004,2.0
874,2022025,2022005,2.0
875,2022025,2022001,2.0
876,2022025,2022117,2.0
877,2022025,2022010,3.0
878,2022025,2022006,3.0
879,2022025,2022121,3.0
880,2022025,2022007,3.0
881,2022025,2022048,3.0
882,2022025,2022047,3.0
883,2022025,2022122,4.0
884,2022025,2022023,4.0
885,2022025,2022120,4.0
886,2022025,2022013,5.0
887,2022025,2022001,5.0
888,2022025,2022080,6.0
889,2022025,2022123,6.0
890,2022026,2022014,1.0
891,2022026,2022014,2.0
892,2022026,2022008,2.0
893,2022026,2022009,3.0
894,2022026,2022009,4.0
895,2022027,2022009,1.0
896,2022027,2022008,1.0
897,2022027,2022009,2.0
898,2022027,2022014,3.0
899,2022028,2022009,2.0
900,2022028,2022008,2.0
901,2022028,2022014,3.0
902,2022028,2022015,4.0
903,2022029,2022016,1.0
904,2022029,2022019,1.0
905,2022029,2022022,1.0
906,2022029,2022117,1.0
907,2022029,2022009,2.0
908,2022029,2022008,2.0
909,2022029,2022004,3.0
910,2022029,2022056,3.0
911,2022029,2022005,3.0
912,2022029,2022001,3.0
913,2022029,2022057,3.0
914,2022029,2022006,4.0
915,2022029,2022020,4.0
916,2022029,2022010,4.0
917,2022029,2022012,4.0
918,2022029,2022133,5.0
919,2022029,2022134,5.0
920,2022030,2022046,1.0
921,2022030,2022008,1.0
922,2022030,2022009,2.0
923,2022030,2022014,3.0
924,2022031,2022008,1.0
925,2022031,2022009,2.0
926,2022031,2022014,3.0
927,2022032,2022138,2.0
928,2022032,2022044,2.0
929,2022032,2022011,2.0
930,2022032,2022048,3.0
931,2022032,2022004,3.0
932,2022032,2022005,3.0
933,2022032,2022002,3.0
934,2022032,2022026,4.0
935,2022032,2022027,4.0
936,2022032,2022009,5.0
937,2022032,2022008,5.0
938,2022032,2022014,6.0
939,2022032,2022015,7.0
940,2022033,2022006,2.0
941,2022033,2022001,2.0
942,2022033,2022010,2.0
943,2022033,2022004,2.0
944,2022033,2022005,2.0
945,2022033,2022013,3.0
946,2022033,2022023,3.0
947,2022033,2022025,3.0
948,2022033,2022117,3.0
949,2022033,2022009,4.0
950,2022033,2022008,4.0
951,2022033,2022014,5.0
952,2022033,2022015,6.0
953,2022033,2022038,7.0
954,2022033,2022039,7.0
955,2022033,2022126,8.0
956,2022033,2022127,8.0
957,2022033,2022128,8.0
958,2022033,2022129,8.0
959,2022033,2022130,8.0
960,2022033,2022040,9.0
961,2022033,2022041,9.0
962,2022033,2022042,9.0
963,2022033,2022043,9.0
964,2022034,2022008,1.0
965,2022034,2022009,2.0
966,2022034,2022014,3.0
967,2022035,2022011,1.0
968,2022035,2022003,1.0
969,2022035,2022001,1.0
970,2022035,2022141,2.0
971,2022035,2022004,2.0
972,2022035,2022143,2.0
973,2022035,2022131,2.0
974,2022035,2022010,2.0
975,2022035,2022017,2.0
976,2022035,2022009,3.0
977,2022035,2022008,3.0
978,2022035,2022009,4.0
979,2022036,2022008,1.0
980,2022036,2022009,2.0
981,2022036,2022014,3.0
982,2023001,2023000,2.0
983,2023001,2023001,2.0
984,2023001,2023002,2.0
985,2023001,2023003,2.0
986,2023001,2023004,2.0
987,2023001,2023005,2.0
988,2023001,2023006,2.0
989,2023001,2023007,2.0
990,2023001,2023008,2.0
991,2023001,2023009,3.0
992,2023001,2023010,3.0
993,2023001,2023011,3.0
994,2023001,2023012,3.0
995,2023001,2023013,4.0
996,2023001,2023014,4.0
997,2023001,2023015,4.0
998,2023001,2023016,4.0
999,2023001,2023017,4.0
1000,2023001,2023018,4.0
1001,2023001,2023019,5.0
1002,2023001,2023020,5.0
1003,2023001,2023021,5.0
1004,2023001,2023022,5.0
1005,2023001,2023023,5.0
1006,2023002,2023009,1.0
1007,2023002,2023010,1.0
1008,2023002,2023014,1.0
1009,2023002,2023024,1.0
1010,2023002,2023015,1.0
1011,2023002,2023025,1.0
1012,2023002,2023026,1.0
1013,2023002,2023027,1.0
1014,2023002,2023028,1.0
1015,2023002,2023011,1.0
1016,2023002,2023012,1.0
1017,2023002,2023029,1.0
1018,2023002,2023030,2.0
1019,2023002,2023031,2.0
1020,2023002,2023032,2.0
1021,2023002,2023000,2.0
1022,2023002,2023002,2.0
1023,2023002,2023003,2.0
1024,2023002,2023004,2.0
1025,2023002,2023033,2.0
1026,2023002,2023005,2.0
1027,2023002,2023006,2.0
1028,2023002,2023007,2.0
1029,2023002,2023008,2.0
1030,2023002,2023034,2.0
1031,2023002,2023035,2.0
1032,2023002,2023036,2.0
1033,2023002,2023037,2.0
1034,2023002,2023038,3.0
1035,2023002,2023039,3.0
1036,2023002,2023040,3.0
1037,2023002,2023041,3.0
1038,2023002,2023042,3.0
1039,2023002,2023043,3.0
1040,2023002,2023044,3.0
1041,2023002,2023045,3.0
1042,2023003,2023046,1.0
1043,2023003,2023001,2.0
1044,2023003,2023031,2.0
1045,2023003,2023032,2.0
1046,2023003,2023002,2.0
1047,2023003,2023035,2.0
1048,2023003,2023009,3.0
1049,2023003,2023047,3.0
1050,2023003,2023048,4.0
1051,2023003,2023036,4.0
1052,2023003,2023039,4.0
1053,2023003,2023049,4.0
1054,2023003,2023012,5.0
1055,2023003,2023011,5.0
1056,2023003,2023050,5.0
1057,2023003,2023014,5.0
1058,2023004,2023049,1.0
1059,2023004,2023051,1.0
1060,2023004,2023052,1.0
1061,2023004,2023053,1.0
1062,2023004,2023054,1.0
1063,2023004,2023002,2.0
1064,2023004,2023007,2.0
1065,2023004,2023006,2.0
1066,2023004,2023035,2.0
1067,2023004,2023036,2.0
1068,2023004,2023055,2.0
1069,2023004,2023009,3.0
1070,2023004,2023056,3.0
1071,2023004,2023014,4.0
1072,2023005,2023057,2.0
1073,2023006,2023036,1.0
1074,2023006,2023037,1.0
1075,2023006,2023058,1.0
1076,2023006,2023059,1.0
1077,2023006,2023060,1.0
1078,2023006,2023002,2.0
1079,2023006,2023007,2.0
1080,2023006,2023006,2.0
1081,2023006,2023035,2.0
1082,2023006,2023009,3.0
1083,2023006,2023061,3.0
1084,2023006,2023011,3.0
1085,2023006,2023012,3.0
1086,2023006,2023014,4.0
1087,2023006,2023050,4.0
1088,2023006,2023027,4.0
1089,2023006,2023026,4.0
1090,2023006,2023039,5.0
1091,2023006,2023042,5.0
1092,2023006,2023040,5.0
1093,2023006,2023049,5.0
1094,2023007,2023039,1.0
1095,2023007,2023049,1.0
1096,2023007,2023001,2.0
1097,2023007,2023031,2.0
1098,2023007,2023000,2.0
1099,2023007,2023002,2.0
1100,2023007,2023009,3.0
1101,2023007,2023011,3.0
1102,2023007,2023012,3.0
1103,2023007,2023036,3.0
1104,2023007,2023014,4.0
1105,2023007,2023050,4.0
1106,2023008,2023060,1.0
1107,2023008,2023049,1.0
1108,2023008,2023062,1.0
1109,2023008,2023001,2.0
1110,2023008,2023031,2.0
1111,2023008,2023000,2.0
1112,2023008,2023032,2.0
1113,2023008,2023030,2.0
1114,2023008,2023063,2.0
1115,2023008,2023002,2.0
1116,2023008,2023003,2.0
1117,2023008,2023007,2.0
1118,2023008,2023005,2.0
1119,2023008,2023004,2.0
1120,2023008,2023006,2.0
1121,2023008,2023008,2.0
1122,2023008,2023034,2.0
1123,2023008,2023064,2.0
1124,2023008,2023065,2.0
1125,2023008,2023037,2.0
1126,2023008,2023066,2.0
1127,2023008,2023036,2.0
1128,2023008,2023055,2.0
1129,2023008,2023009,3.0
1130,2023008,2023067,3.0
1131,2023008,2023011,3.0
1132,2023008,2023012,3.0
1133,2023008,2023028,3.0
1134,2023008,2023014,4.0
1135,2023008,2023024,4.0
1136,2023008,2023068,4.0
1137,2023008,2023069,4.0
1138,2023008,2023015,4.0
1139,2023008,2023025,4.0
1140,2023008,2023016,4.0
1141,2023008,2023027,4.0
1142,2023008,2023026,4.0
1143,2023008,2023070,4.0
1144,2023008,2023039,4.0
1145,2023008,2023071,4.0
1146,2023008,2023040,4.0
1147,2023008,2023041,4.0
1148,2023008,2023042,4.0
1149,2023008,2023072,4.0
1150,2023008,2023073,4.0
1151,2023008,2023074,4.0
1152,2023008,2023075,5.0
1153,2023008,2023076,5.0
1154,2023009,2023036,1.0
1155,2023009,2023077,1.0
1156,2023009,2023060,1.0
1157,2023009,2023002,2.0
1158,2023009,2023004,2.0
1159,2023009,2023078,2.0
1160,2023009,2023048,2.0
1161,2023009,2023079,2.0
1162,2023009,2023073,2.0
1163,2023009,2023039,3.0
1164,2023009,2023080,3.0
1165,2023009,2023049,3.0
1166,2023010,2023010,2.0
1167,2023010,2023009,2.0
1168,2023010,2023014,3.0
1169,2023010,2023081,3.0
1170,2023010,2023015,3.0
1171,2023010,2023050,3.0
1172,2023011,2023073,1.0
1173,2023011,2023074,1.0
1174,2023011,2023049,1.0
1175,2023011,2023052,1.0
1176,2023011,2023051,1.0
1177,2023011,2023082,1.0
1178,2023011,2023083,1.0
1179,2023011,2023063,1.0
1180,2023011,2023001,1.0
1181,2023011,2023030,1.0
1182,2023011,2023002,2.0
1183,2023011,2023003,2.0
1184,2023011,2023004,2.0
1185,2023011,2023033,2.0
1186,2023011,2023005,2.0
1187,2023011,2023084,2.0
1188,2023011,2023007,2.0
1189,2023011,2023006,2.0
1190,2023011,2023008,2.0
1191,2023011,2023085,2.0
1192,2023011,2023035,2.0
1193,2023011,2023086,2.0
1194,2023011,2023062,2.0
1195,2023011,2023087,2.0
1196,2023011,2023010,3.0
1197,2023011,2023088,3.0
1198,2023011,2023051,3.0
1199,2023011,2023049,3.0
1200,2023011,2023052,3.0
1201,2023011,2023014,4.0
1202,2023011,2023081,4.0
1203,2023011,2023015,4.0
1204,2023011,2023089,4.0
1205,2023011,2023060,4.0
1206,2023011,2023037,4.0
1207,2023011,2023036,4.0
1208,2023011,2023090,4.0
1209,2023011,2023091,4.0
1210,2023011,2023092,4.0
1211,2023011,2023021,5.0
1212,2023011,2023093,5.0
1213,2023011,2023094,5.0
1214,2023011,2023095,5.0
1215,2023011,2023096,5.0
1216,2023011,2023022,5.0
1217,2023011,2023023,5.0
1218,2023012,2023001,2.0
1219,2023012,2023030,2.0
1220,2023012,2023031,2.0
1221,2023012,2023032,2.0
1222,2023012,2023000,2.0
1223,2023012,2023002,2.0
1224,2023012,2023003,2.0
1225,2023012,2023004,2.0
1226,2023012,2023033,2.0
1227,2023012,2023005,2.0
1228,2023012,2023007,2.0
1229,2023012,2023006,2.0
1230,2023012,2023008,2.0
1231,2023012,2023009,3.0
1232,2023012,2023010,3.0
1233,2023012,2023028,3.0
1234,2023012,2023011,3.0
1235,2023012,2023012,3.0
1236,2023012,2023097,4.0
1237,2023012,2023098,4.0
1238,2023012,2023049,4.0
1239,2023012,2023051,4.0
1240,2023012,2023099,4.0
1241,2023013,2023036,1.0
1242,2023013,2023058,1.0
1243,2023013,2023055,1.0
1244,2023013,2023001,2.0
1245,2023013,2023063,2.0
1246,2023013,2023030,2.0
1247,2023013,2023031,2.0
1248,2023013,2023002,2.0
1249,2023013,2023007,2.0
1250,2023013,2023006,2.0
1251,2023013,2023004,2.0
1252,2023013,2023100,2.0
1253,2023013,2023062,2.0
1254,2023013,2023087,2.0
1255,2023013,2023080,3.0
1256,2023013,2023039,3.0
1257,2023013,2023101,3.0
1258,2023013,2023102,3.0
1259,2023013,2023009,4.0
1260,2023013,2023103,4.0
1261,2023013,2023049,5.0
1262,2023014,2023001,2.0
1263,2023014,2023031,2.0
1264,2023014,2023032,2.0
1265,2023014,2023002,2.0
1266,2023014,2023007,2.0
1267,2023014,2023006,2.0
1268,2023014,2023010,3.0
1269,2023014,2023009,3.0
1270,2023014,2023011,3.0
1271,2023014,2023012,3.0
1272,2023014,2023048,3.0
1273,2023014,2023039,4.0
1274,2023014,2023041,4.0
1275,2023014,2023040,4.0
1276,2023014,2023071,4.0
1277,2023014,2023038,4.0
1278,2023014,2023014,4.0
1279,2023015,2023001,2.0
1280,2023015,2023030,2.0
1281,2023015,2023031,2.0
1282,2023015,2023032,2.0
1283,2023015,2023000,2.0
1284,2023015,2023049,2.0
1285,2023015,2023002,2.0
1286,2023015,2023003,2.0
1287,2023015,2023004,2.0
1288,2023015,2023033,2.0
1289,2023015,2023005,2.0
1290,2023015,2023008,2.0
1291,2023015,2023006,2.0
1292,2023015,2023007,2.0
1293,2023015,2023009,3.0
1294,2023015,2023014,3.0
1295,2023015,2023048,4.0
1296,2023015,2023036,4.0
1297,2023015,2023037,4.0
1298,2023016,2023011,3.0
1299,2023016,2023012,3.0
1300,2023016,2023014,4.0
1301,2023016,2023026,4.0
1302,2023016,2023027,4.0
1303,2023016,2023036,4.0
1304,2023017,2023001,2.0
1305,2023017,2023030,2.0
1306,2023017,2023031,2.0
1307,2023017,2023032,2.0
1308,2023017,2023000,2.0
1309,2023017,2023002,2.0
1310,2023017,2023003,2.0
1311,2023017,2023004,2.0
1312,2023017,2023033,2.0
1313,2023017,2023005,2.0
1314,2023017,2023006,2.0
1315,2023017,2023007,2.0
1316,2023017,2023107,2.0
1317,2023017,2023108,3.0
1318,2023017,2023009,3.0
1319,2023017,2023010,3.0
1320,2023017,2023028,3.0
1321,2023017,2023011,3.0
1322,2023017,2023012,3.0
1323,2023017,2023039,4.0
1324,2023017,2023040,4.0
1325,2023017,2023042,4.0
1326,2023017,2023041,4.0
1327,2023017,2023014,4.0
1328,2023017,2023024,4.0
1329,2023017,2023015,4.0
1330,2023017,2023025,4.0
1331,2023017,2023026,4.0
1332,2023017,2023027,4.0
1333,2023018,2023001,2.0
1334,2023018,2023000,2.0
1335,2023018,2023002,2.0
1336,2023018,2023009,3.0
1337,2023018,2023011,3.0
1338,2023018,2023012,3.0
1339,2023018,2023014,4.0
1340,2023018,2023050,4.0
1341,2023018,2023026,4.0
1342,2023018,2023027,4.0
1343,2023018,2023048,5.0
1344,2023018,2023036,5.0
1345,2023018,2023039,5.0
1346,2023019,2023001,2.0
1347,2023019,2023000,2.0
1348,2023019,2023002,2.0
1349,2023019,2023009,3.0
1350,2023019,2023028,3.0
1351,2023019,2023011,3.0
1352,2023019,2023012,3.0
1353,2023019,2023014,4.0
1354,2023019,2023050,4.0
1355,2023019,2023036,5.0
1356,2023019,2023048,5.0
1357,2023019,2023039,5.0
1358,2023019,2023108,6.0
1359,2023019,2023060,6.0
1360,2023019,2023021,6.0
1361,2023020,2023024,4.0
1362,2023020,2023025,4.0
1363,2023020,2023014,4.0
1364,2023020,2023110,4.0
1365,2023020,2023050,4.0
1366,2023020,2023027,4.0
1367,2023020,2023026,4.0
1368,2023020,2023111,4.0
1369,2023020,2023112,4.0
1370,2023020,2023064,4.0
1371,2023020,2023039,5.0
1372,2023021,2023002,2.0
1373,2023021,2023035,2.0
1374,2023021,2023036,2.0
1375,2023021,2023037,2.0
1376,2023021,2023060,2.0
1377,2023021,2023039,3.0
1378,2023021,2023113,3.0
1379,2023021,2023052,3.0
1380,2023021,2023051,3.0
1381,2023021,2023000,3.0
1382,2023021,2023001,3.0
1383,2023021,2023031,3.0
1384,2023021,2023030,3.0
1385,2023021,2023114,4.0
1386,2023021,2023115,4.0
1387,2023021,2023116,4.0
1388,2023021,2023106,4.0
1389,2023021,2023012,4.0
1390,2023021,2023011,4.0
1391,2023021,2023117,4.0
1392,2023021,2023009,5.0
1393,2023021,2023026,5.0
1394,2023022,2023014,2.0
1395,2023022,2023118,2.0
1396,2023022,2023026,2.0
1397,2023022,2023012,2.0
1398,2023022,2023011,2.0
1399,2023022,2023117,2.0
1400,2023022,2023002,3.0
1401,2023022,2023035,3.0
1402,2023022,2023048,3.0
1403,2023022,2023036,3.0
1404,2023022,2023037,3.0
1405,2023022,2023060,3.0
1406,2023022,2023039,4.0
1407,2023022,2023051,4.0
1408,2023022,2023119,4.0
1409,2023022,2023099,4.0
1410,2023022,2023120,4.0
1411,2023022,2023121,4.0
1412,2023022,2023122,4.0
1413,2023022,2023001,4.0
1414,2023022,2023030,4.0
1415,2023022,2023009,5.0
1416,2023023,2023036,1.0
1417,2023023,2023123,1.0
1418,2023023,2023060,1.0
1419,2023023,2023002,2.0
1420,2023023,2023007,2.0
1421,2023023,2023006,2.0
1422,2023023,2023105,2.0
1423,2023023,2023124,2.0
1424,2023023,2023078,2.0
1425,2023023,2023035,2.0
1426,2023023,2023125,2.0
1427,2023023,2023021,2.0
1428,2023023,2023009,3.0
1429,2023023,2023103,3.0
1430,2023023,2023061,3.0
1431,2023023,2023126,3.0
1432,2023023,2023011,3.0
1433,2023023,2023012,3.0
1434,2023023,2023127,4.0
1435,2023023,2023128,4.0
1436,2023023,2023014,4.0
1437,2023023,2023110,4.0
1438,2023023,2023050,4.0
1439,2023023,2023129,4.0
1440,2023023,2023026,4.0
1441,2023023,2023130,4.0
1442,2023023,2023027,4.0
1443,2023023,2023131,4.0
1444,2023023,2023132,4.0
1445,2023023,2023039,5.0
1446,2023023,2023042,5.0
1447,2023023,2023133,5.0
1448,2023023,2023049,5.0
1449,2023024,2023002,2.0
1450,2023024,2023036,2.0
1451,2023024,2023037,2.0
1452,2023024,2023060,2.0
1453,2023024,2023114,3.0
1454,2023024,2023116,3.0
1455,2023024,2023106,3.0
1456,2023024,2023011,3.0
1457,2023024,2023012,3.0
1458,2023024,2023117,3.0
1459,2023024,2023134,4.0
1460,2023024,2023135,4.0
1461,2023024,2023136,4.0
1462,2023024,2023137,4.0
1463,2023024,2023138,4.0
1464,2023024,2023039,5.0
1465,2023024,2023113,5.0
1466,2023024,2023051,5.0
1467,2023024,2023052,5.0
1468,2023024,2023119,5.0
1469,2023024,2023001,5.0
1470,2023024,2023030,5.0
1471,2023024,2023031,5.0
1472,2023024,2023032,5.0
1473,2023024,2023067,6.0
1474,2023024,2023009,6.0
1475,2023025,2023048,1.0
1476,2023025,2023036,1.0
1477,2023025,2023055,1.0
1478,2023025,2023001,2.0
1479,2023025,2023000,2.0
1480,2023025,2023104,2.0
1481,2023025,2023031,2.0
1482,2023025,2023002,2.0
1483,2023025,2023007,2.0
1484,2023025,2023006,2.0
1485,2023025,2023035,2.0
1486,2023025,2023073,2.0
1487,2023025,2023014,3.0
1488,2023025,2023050,3.0
1489,2023025,2023027,3.0
1490,2023025,2023026,3.0
1491,2023025,2023009,4.0
1492,2023025,2023011,4.0
1493,2023025,2023012,4.0
1494,2023025,2023108,5.0
1495,2023025,2023139,5.0
1496,2023025,2023140,5.0
1497,2023025,2023141,5.0
1498,2023025,2023062,5.0
1499,2023025,2023039,6.0
1500,2023025,2023049,6.0
1501,2023026,2023002,2.0
1502,2023026,2023048,2.0
1503,2023026,2023036,2.0
1504,2023026,2023037,2.0
1505,2023026,2023060,2.0
1506,2023026,2023113,3.0
1507,2023026,2023051,3.0
1508,2023026,2023000,3.0
1509,2023026,2023001,3.0
1510,2023026,2023030,3.0
1511,2023026,2023134,4.0
1512,2023026,2023136,4.0
1513,2023026,2023135,4.0
1514,2023026,2023137,4.0
1515,2023026,2023138,4.0
1516,2023026,2023115,5.0
1517,2023026,2023116,5.0
1518,2023026,2023011,5.0
1519,2023026,2023012,5.0
1520,2023027,2023091,1.0
1521,2023027,2023092,1.0
1522,2023027,2023053,1.0
1523,2023027,2023002,2.0
1524,2023027,2023003,2.0
1525,2023027,2023004,2.0
1526,2023027,2023033,2.0
1527,2023027,2023005,2.0
1528,2023027,2023084,2.0
1529,2023027,2023007,2.0
1530,2023027,2023006,2.0
1531,2023027,2023008,2.0
1532,2023027,2023085,2.0
1533,2023027,2023035,2.0
1534,2023027,2023086,2.0
1535,2023027,2023062,2.0
1536,2023027,2023087,2.0
1537,2023027,2023014,3.0
1538,2023027,2023081,3.0
1539,2023027,2023015,3.0
1540,2023027,2023089,3.0
1541,2023027,2023060,3.0
1542,2023027,2023037,3.0
1543,2023027,2023036,3.0
1544,2023027,2023090,3.0
1545,2023027,2023082,3.0
1546,2023027,2023083,3.0
1547,2023027,2023073,3.0
1548,2023027,2023074,3.0
1549,2023027,2023021,4.0
1550,2023027,2023093,4.0
1551,2023027,2023094,4.0
1552,2023027,2023095,4.0
1553,2023027,2023096,4.0
1554,2023027,2023022,4.0
1555,2023027,2023023,4.0
1556,2023028,2023011,3.0
1557,2023028,2023012,3.0
1558,2023028,2023117,3.0
1559,2023028,2023039,4.0
1560,2023028,2023051,4.0
1561,2023028,2023142,4.0
1562,2023028,2023119,4.0
1563,2023028,2023052,4.0
1564,2023029,2023073,1.0
1565,2023029,2023001,2.0
1566,2023029,2023000,2.0
1567,2023029,2023104,2.0
1568,2023029,2023031,2.0
1569,2023029,2023002,2.0
1570,2023029,2023007,2.0
1571,2023029,2023006,2.0
1572,2023029,2023035,2.0
1573,2023029,2023073,2.0
1574,2023029,2023014,3.0
1575,2023029,2023050,3.0
1576,2023029,2023027,3.0
1577,2023029,2023026,3.0
1578,2023029,2023039,4.0
1579,2023029,2023049,4.0
1580,2023030,2023036,1.0
1581,2023030,2023060,1.0
1582,2023030,2023002,2.0
1583,2023030,2023007,2.0
1584,2023030,2023006,2.0
1585,2023030,2023039,2.0
1586,2023030,2023009,3.0
1587,2023030,2023061,3.0
1588,2023030,2023011,3.0
1589,2023030,2023012,3.0
1590,2023030,2023050,4.0
1591,2023030,2023027,4.0
1592,2023030,2023026,4.0
1593,2023030,2023062,4.0
1594,2023030,2023048,5.0
1595,2023030,2023108,5.0
1596,2023030,2023143,5.0
1597,2023030,2023049,6.0
1598,2023031,2023009,1.0
1599,2023031,2023010,1.0
1600,2023031,2023028,1.0
1601,2023031,2023011,1.0
1602,2023031,2023012,1.0
1603,2023031,2023029,1.0
1604,2023031,2023108,2.0
1605,2023031,2023030,2.0
1606,2023031,2023031,2.0
1607,2023031,2023032,2.0
1608,2023031,2023000,2.0
1609,2023031,2023002,2.0
1610,2023031,2023003,2.0
1611,2023031,2023004,2.0
1612,2023031,2023033,2.0
1613,2023031,2023005,2.0
1614,2023031,2023006,2.0
1615,2023031,2023007,2.0
1616,2023031,2023008,2.0
1617,2023031,2023034,2.0
1618,2023031,2023014,2.0
1619,2023031,2023024,2.0
1620,2023031,2023015,2.0
1621,2023031,2023025,2.0
1622,2023031,2023026,2.0
1623,2023031,2023027,2.0
1624,2023032,2023001,2.0
1625,2023032,2023030,2.0
1626,2023032,2023031,2.0
1627,2023032,2023000,2.0
1628,2023032,2023104,2.0
1629,2023032,2023002,2.0
1630,2023032,2023007,2.0
1631,2023032,2023006,2.0
1632,2023032,2023035,2.0
1633,2023032,2023108,3.0
1634,2023032,2023144,3.0
1635,2023032,2023145,3.0
1636,2023032,2023146,3.0
1637,2023032,2023141,3.0
1638,2023032,2023048,4.0
1639,2023032,2023147,4.0
1640,2023032,2023036,4.0
1641,2023032,2023037,4.0
1642,2023032,2023058,4.0
1643,2023032,2023060,4.0
1644,2023032,2023039,5.0
1645,2023032,2023042,5.0
1646,2023032,2023071,5.0
1647,2023032,2023011,5.0
1648,2023032,2023012,5.0
1649,2023032,2023009,6.0
1650,2023032,2023061,6.0
1651,2023032,2023014,7.0
1652,2023032,2023015,7.0
1653,2023032,2023068,7.0
1654,2023032,2023024,7.0
1655,2023032,2023050,7.0
1656,2023032,2023110,7.0
1657,2023032,2023148,7.0
1658,2023032,2023026,7.0
1659,2023032,2023027,7.0
1660,2023033,2023107,1.0
1661,2023033,2023020,1.0
1662,2023033,2023062,1.0
1663,2023033,2023001,2.0
1664,2023033,2023030,2.0
1665,2023033,2023031,2.0
1666,2023033,2023032,2.0
1667,2023033,2023002,2.0
1668,2023033,2023003,2.0
1669,2023033,2023004,2.0
1670,2023033,2023033,2.0
1671,2023033,2023005,2.0
1672,2023033,2023006,2.0
1673,2023033,2023007,2.0
1674,2023033,2023008,2.0
1675,2023033,2023039,2.0
1676,2023033,2023040,2.0
1677,2023033,2023042,2.0
1678,2023033,2023041,2.0
1679,2023033,2023014,3.0
1680,2023033,2023024,3.0
1681,2023033,2023015,3.0
1682,2023033,2023025,3.0
1683,2023033,2023026,3.0
1684,2023033,2023027,3.0
1685,2023033,2023048,3.0
1686,2023033,2023049,3.0
1687,2023033,2023106,4.0
1688,2023033,2023028,4.0
1689,2023033,2023011,4.0
1690,2023033,2023012,4.0
1691,2023033,2023029,4.0
1692,2023033,2023021,4.0
1693,2023033,2023009,5.0
1694,2023033,2023010,5.0
1695,2023033,2023149,5.0
1696,2023033,2023037,5.0
1697,2023033,2023060,5.0
1698,2023034,2023073,1.0
1699,2023034,2023074,1.0
1700,2023034,2023082,1.0
1701,2023034,2023083,1.0
1702,2023034,2023063,1.0
1703,2023034,2023001,1.0
1704,2023034,2023030,1.0
1705,2023034,2023002,2.0
1706,2023034,2023003,2.0
1707,2023034,2023004,2.0
1708,2023034,2023033,2.0
1709,2023034,2023005,2.0
1710,2023034,2023084,2.0
1711,2023034,2023007,2.0
1712,2023034,2023006,2.0
1713,2023034,2023008,2.0
1714,2023034,2023085,2.0
1715,2023034,2023035,2.0
1716,2023034,2023086,2.0
1717,2023034,2023062,2.0
1718,2023034,2023087,2.0
1719,2023034,2023010,3.0
1720,2023034,2023088,3.0
1721,2023034,2023051,3.0
1722,2023034,2023049,3.0
1723,2023034,2023052,3.0
1724,2023034,2023021,4.0
1725,2023034,2023093,4.0
1726,2023034,2023094,4.0
1727,2023034,2023095,4.0
1728,2023034,2023096,4.0
1729,2023034,2023022,4.0
1730,2023034,2023023,4.0
1731,2023035,2023151,1.0
1732,2023035,2023062,1.0
1733,2023035,2023021,1.0
1734,2023035,2023038,1.0
1735,2023035,2023106,1.0
1736,2023035,2023090,1.0
1737,2023035,2023055,1.0
1738,2023035,2023152,1.0
1739,2023035,2023053,1.0
1740,2023035,2023000,1.0
1741,2023035,2023153,1.0
1742,2023035,2023154,1.0
1743,2023035,2023001,2.0
1744,2023035,2023032,2.0
1745,2023035,2023030,2.0
1746,2023035,2023000,2.0
1747,2023035,2023155,2.0
1748,2023035,2023031,2.0
1749,2023035,2023002,2.0
1750,2023035,2023003,2.0
1751,2023035,2023156,2.0
1752,2023035,2023004,2.0
1753,2023035,2023005,2.0
1754,2023035,2023085,2.0
1755,2023035,2023033,2.0
1756,2023035,2023008,2.0
1757,2023035,2023157,2.0
1758,2023035,2023158,2.0
1759,2023035,2023159,2.0
1760,2023035,2023100,2.0
1761,2023035,2023105,2.0
1762,2023035,2023034,2.0
1763,2023035,2023036,2.0
1764,2023035,2023149,2.0
1765,2023035,2023049,2.0
1766,2023035,2023051,2.0
1767,2023035,2023104,3.0
1768,2023035,2023009,3.0
1769,2023035,2023160,3.0
1770,2023035,2023061,3.0
1771,2023035,2023047,3.0
1772,2023035,2023011,3.0
1773,2023035,2023012,3.0
1774,2023035,2023117,3.0
1775,2023035,2023014,4.0
1776,2023035,2023015,4.0
1777,2023035,2023081,4.0
1778,2023035,2023161,4.0
1779,2023035,2023069,4.0
1780,2023035,2023128,4.0
1781,2023035,2023024,4.0
1782,2023035,2023025,4.0
1783,2023035,2023162,4.0
1784,2023035,2023163,4.0
1785,2023035,2023016,4.0
1786,2023035,2023068,4.0
1787,2023035,2023050,4.0
1788,2023035,2023164,4.0
1789,2023035,2023165,4.0
1790,2023035,2023166,4.0
1791,2023035,2023167,4.0
1792,2023035,2023110,4.0
1793,2023035,2023168,4.0
1794,2023035,2023026,4.0
1795,2023035,2023027,4.0
1796,2023035,2023039,4.0
1797,2023035,2023040,4.0
1798,2023035,2023169,4.0
1799,2023035,2023071,4.0
1800,2023035,2023042,4.0
1801,2023035,2023041,4.0
1802,2023035,2023072,4.0
1803,2023036,2023049,1.0
1804,2023036,2023062,1.0
1805,2023036,2023151,1.0
1806,2023036,2023001,2.0
1807,2023036,2023031,2.0
1808,2023036,2023032,2.0
1809,2023036,2023000,2.0
1810,2023036,2023063,2.0
1811,2023036,2023002,2.0
1812,2023036,2023003,2.0
1813,2023036,2023156,2.0
1814,2023036,2023004,2.0
1815,2023036,2023005,2.0
1816,2023036,2023008,2.0
1817,2023036,2023034,2.0
1818,2023036,2023049,2.0
1819,2023036,2023051,2.0
1820,2023036,2023170,2.0
1821,2023036,2023009,3.0
1822,2023036,2023061,3.0
1823,2023036,2023047,3.0
1824,2023036,2023011,3.0
1825,2023036,2023028,3.0
1826,2023036,2023012,3.0
1827,2023036,2023014,4.0
1828,2023036,2023171,4.0
1829,2023036,2023025,4.0
1830,2023036,2023024,4.0
1831,2023036,2023068,4.0
1832,2023036,2023069,4.0
1833,2023036,2023015,4.0
1834,2023036,2023016,4.0
1835,2023036,2023027,4.0
1836,2023036,2023026,4.0
1837,2023036,2023172,4.0
1838,2023036,2023038,4.0
1839,2023036,2023039,4.0
1840,2023036,2023071,4.0
1841,2023036,2023040,4.0
1842,2023036,2023042,4.0
1843,2023036,2023041,4.0
1844,2023036,2023072,4.0
1845,2023036,2023075,5.0
1846,2023036,2023076,5.0
1847,2023037,2023060,1.0
1848,2023037,2023073,1.0
1849,2023037,2023049,1.0
1850,2023037,2023009,2.0
1851,2023037,2023061,2.0
1852,2023037,2023047,2.0
1853,2023037,2023173,2.0
1854,2023037,2023011,2.0
1855,2023037,2023028,2.0
1856,2023037,2023012,2.0
1857,2023037,2023001,3.0
1858,2023037,2023063,3.0
1859,2023037,2023031,3.0
1860,2023037,2023000,3.0
1861,2023037,2023032,3.0
1862,2023037,2023155,3.0
1863,2023037,2023052,3.0
1864,2023037,2023049,3.0
1865,2023037,2023051,3.0
1866,2023037,2023052,3.0
1867,2023037,2023002,3.0
1868,2023037,2023003,3.0
1869,2023037,2023156,3.0
1870,2023037,2023004,3.0
1871,2023037,2023033,3.0
1872,2023037,2023005,3.0
1873,2023037,2023007,3.0
1874,2023037,2023006,3.0
1875,2023037,2023159,3.0
1876,2023037,2023008,3.0
1877,2023037,2023085,3.0
1878,2023037,2023034,3.0
1879,2023037,2023073,3.0
1880,2023037,2023074,3.0
1881,2023037,2023014,4.0
1882,2023037,2023024,4.0
1883,2023037,2023069,4.0
1884,2023037,2023015,4.0
1885,2023037,2023016,4.0
1886,2023037,2023025,4.0
1887,2023037,2023171,4.0
1888,2023037,2023068,4.0
1889,2023037,2023081,4.0
1890,2023037,2023050,4.0
1891,2023037,2023165,4.0
1892,2023037,2023148,4.0
1893,2023037,2023026,4.0
1894,2023037,2023027,4.0
1895,2023037,2023066,4.0
1896,2023037,2023036,4.0
1897,2023037,2023055,4.0
1898,2023037,2023058,4.0
1899,2023037,2023106,5.0
1900,2023037,2023172,5.0
1901,2023037,2023038,5.0
1902,2023037,2023039,5.0
1903,2023037,2023071,5.0
1904,2023037,2023040,5.0
1905,2023037,2023041,5.0
1906,2023037,2023042,5.0
1907,2023037,2023072,5.0
1908,2023038,2023150,1.0
1909,2023038,2023021,1.0
1910,2023038,2023020,1.0
1911,2023038,2023062,1.0
1912,2023038,2023174,1.0
1913,2023038,2023001,2.0
1914,2023038,2023030,2.0
1915,2023038,2023032,2.0
1916,2023038,2023155,2.0
1917,2023038,2023031,2.0
1918,2023038,2023002,2.0
1919,2023038,2023035,2.0
1920,2023038,2023036,2.0
1921,2023038,2023009,3.0
1922,2023038,2023011,3.0
1923,2023038,2023012,3.0
1924,2023038,2023049,3.0
1925,2023038,2023014,4.0
1926,2023038,2023050,4.0
1927,2023038,2023026,4.0
1928,2023038,2023027,4.0
1929,2023038,2023060,4.0
1930,2023038,2023175,5.0
1931,2023038,2023176,5.0
1932,2023038,2023177,5.0
1933,2023038,2023178,5.0
1934,2023038,2023179,5.0
1935,2023038,2023180,5.0
1936,2023038,2023181,5.0
1937,2023038,2023182,5.0
1938,2023038,2023183,5.0
1939,2023038,2023184,5.0
1940,2023039,2023114,2.0
1941,2023039,2023014,2.0
1942,2023039,2023050,2.0
1943,2023039,2023028,2.0
1944,2023039,2023011,2.0
1945,2023039,2023012,2.0
1946,2023039,2023039,3.0
1947,2023039,2023113,3.0
1948,2023039,2023048,3.0
1949,2023039,2023036,3.0
1950,2023039,2023104,4.0
1951,2023039,2023001,4.0
1952,2023039,2023030,4.0
1953,2023039,2023032,4.0
1954,2023039,2023031,4.0
1955,2023039,2023000,4.0
1956,2023039,2023002,4.0
1957,2023039,2023035,4.0
1958,2023039,2023049,4.0
1959,2023039,2023120,4.0
1960,2023039,2023185,5.0
1961,2023039,2023175,5.0
1962,2023039,2023179,5.0
1963,2023039,2023178,5.0
1964,2023039,2023186,5.0
1965,2023039,2023187,5.0
1966,2023039,2023188,5.0
1967,2023039,2023177,5.0
1968,2023039,2023184,5.0
1969,2023039,2023180,5.0
1970,2023040,2023062,1.0
1971,2023040,2023060,1.0
1972,2023040,2023151,1.0
1973,2023040,2023001,2.0
1974,2023040,2023031,2.0
1975,2023040,2023000,2.0
1976,2023040,2023155,2.0
1977,2023040,2023030,2.0
1978,2023040,2023032,2.0
1979,2023040,2023063,2.0
1980,2023040,2023049,2.0
1981,2023040,2023051,2.0
1982,2023040,2023002,2.0
1983,2023040,2023003,2.0
1984,2023040,2023156,2.0
1985,2023040,2023004,2.0
1986,2023040,2023005,2.0
1987,2023040,2023007,2.0
1988,2023040,2023006,2.0
1989,2023040,2023008,2.0
1990,2023040,2023034,2.0
1991,2023040,2023035,2.0
1992,2023040,2023125,2.0
1993,2023040,2023075,2.0
1994,2023040,2023073,2.0
1995,2023040,2023074,2.0
1996,2023040,2023010,3.0
1997,2023040,2023009,3.0
1998,2023040,2023028,3.0
1999,2023040,2023011,3.0
2000,2023040,2023012,3.0
2001,2023040,2023065,3.0
2002,2023040,2023170,3.0
2003,2023040,2023151,3.0
2004,2023040,2023014,4.0
2005,2023040,2023024,4.0
2006,2023040,2023068,4.0
2007,2023040,2023069,4.0
2008,2023040,2023015,4.0
2009,2023040,2023025,4.0
2010,2023040,2023016,4.0
2011,2023040,2023027,4.0
2012,2023040,2023026,4.0
2013,2023040,2023172,4.0
2014,2023040,2023038,4.0
2015,2023040,2023039,4.0
2016,2023040,2023071,4.0
2017,2023040,2023040,4.0
2018,2023040,2023041,4.0
2019,2023040,2023042,4.0
2020,2023040,2023072,4.0
